{"uw":{"frequency":1,"sentiment":0,"magnitude":0},"rhyme":{"frequency":1,"sentiment":0,"magnitude":0},"what?":{"frequency":7,"sentiment":0,"magnitude":0},"wholesome":{"frequency":2,"sentiment":0.4000000059604645,"magnitude":0.4000000059604645},"thoughtful":{"frequency":1,"sentiment":0.30000001192092896,"magnitude":0.30000001192092896},"wow":{"frequency":1,"sentiment":0.30000001192092896,"magnitude":0.30000001192092896},"reflection":{"frequency":1,"sentiment":0,"magnitude":0},"sad":{"frequency":1,"sentiment":-0.30000001192092896,"magnitude":0.30000001192092896},"value":{"frequency":1,"sentiment":0.10000000149011612,"magnitude":0.10000000149011612},"stressed":{"frequency":5,"sentiment":0,"magnitude":0},"relief":{"frequency":1,"sentiment":0.20000000298023224,"magnitude":0.20000000298023224},"reassurance":{"frequency":1,"sentiment":0.30000001192092896,"magnitude":0.30000001192092896},"worthiness":{"frequency":5,"sentiment":0.10000000149011612,"magnitude":0.10000000149011612},"snowflake":{"frequency":1,"sentiment":0.10000000149011612,"magnitude":0.10000000149011612},"validated":{"frequency":1,"sentiment":0.20000000298023224,"magnitude":0.20000000298023224},"support":{"frequency":1,"sentiment":0,"magnitude":0},"stop":{"frequency":1,"sentiment":0,"magnitude":0},"schedule":{"frequency":1,"sentiment":0,"magnitude":0},"pft":{"frequency":1,"sentiment":0.5,"magnitude":0.5},"sarcastic":{"frequency":1,"sentiment":-0.5,"magnitude":0.5},"useless":{"frequency":1,"sentiment":-0.6000000238418579,"magnitude":0.6000000238418579},"productivity":{"frequency":1,"sentiment":0.5,"magnitude":0.5},"really?":{"frequency":2,"sentiment":0,"magnitude":0},"unnecessary":{"frequency":1,"sentiment":-0.10000000149011612,"magnitude":0.10000000149011612},"true":{"frequency":6,"sentiment":0.20000000298023224,"magnitude":0.20000000298023224},"no":{"frequency":3,"sentiment":-0.30000001192092896,"magnitude":0.30000001192092896},"mmkay":{"frequency":1,"sentiment":0,"magnitude":0},"okay":{"frequency":2,"sentiment":0,"magnitude":0},"sweet":{"frequency":1,"sentiment":0.4000000059604645,"magnitude":0.4000000059604645},"pressure":{"frequency":1,"sentiment":0,"magnitude":0},"misspelled":{"frequency":1,"sentiment":0,"magnitude":0},"haha":{"frequency":1,"sentiment":0.30000001192092896,"magnitude":0.30000001192092896},"hypocrisy":{"frequency":1,"sentiment":-0.5,"magnitude":0.5},"life":{"frequency":2,"sentiment":0.30000001192092896,"magnitude":0.30000001192092896},"pointless":{"frequency":2,"sentiment":-0.6000000238418579,"magnitude":0.6000000238418579},"cheesy":{"frequency":3,"sentiment":-0.10000000149011612,"magnitude":0.10000000149011612},"busy":{"frequency":27,"sentiment":0.20000000298023224,"magnitude":0.20000000298023224},"confusing":{"frequency":4,"sentiment":-0.20000000298023224,"magnitude":0.20000000298023224},"good":{"frequency":2,"sentiment":0.5,"magnitude":0.5},"meme":{"frequency":2,"sentiment":0.10000000149011612,"magnitude":0.10000000149011612},"inspiration":{"frequency":1,"sentiment":0.6000000238418579,"magnitude":0.6000000238418579},"sure":{"frequency":2,"sentiment":0.10000000149011612,"magnitude":0.10000000149011612},"idk":{"frequency":1,"sentiment":-0.10000000149011612,"magnitude":0.10000000149011612},"cool":{"frequency":2,"sentiment":0.699999988079071,"magnitude":0.699999988079071},"comforting":{"frequency":1,"sentiment":0.5,"magnitude":0.5},"encouragement":{"frequency":2,"sentiment":0.6000000238418579,"magnitude":0.6000000238418579},"kinda":{"frequency":1,"sentiment":0.10000000149011612,"magnitude":0.10000000149011612},"grammar":{"frequency":1,"sentiment":0.10000000149011612,"magnitude":0.10000000149011612},"bee":{"frequency":2,"sentiment":0.10000000149011612,"magnitude":0.10000000149011612},"corny":{"frequency":1,"sentiment":-0.30000001192092896,"magnitude":0.30000001192092896},"false":{"frequency":7,"sentiment":-0.30000001192092896,"magnitude":0.30000001192092896},"love":{"frequency":1,"sentiment":0.699999988079071,"magnitude":0.699999988079071},"happy":{"frequency":1,"sentiment":0.4000000059604645,"magnitude":0.4000000059604645},"cringe":{"frequency":1,"sentiment":-0.20000000298023224,"magnitude":0.20000000298023224},"advertisement":{"frequency":1,"sentiment":-0.20000000298023224,"magnitude":0.20000000298023224},"assertive":{"frequency":1,"sentiment":0,"magnitude":0},"competition":{"frequency":1,"sentiment":0.10000000149011612,"magnitude":0.10000000149011612},"bullshit":{"frequency":2,"sentiment":-0.6000000238418579,"magnitude":0.6000000238418579},"conflicted":{"frequency":1,"sentiment":-0.4000000059604645,"magnitude":0.4000000059604645},"awkward":{"frequency":1,"sentiment":-0.10000000149011612,"magnitude":0.10000000149011612},"better":{"frequency":1,"sentiment":0.10000000149011612,"magnitude":0.10000000149011612},"boundless":{"frequency":4,"sentiment":0,"magnitude":0},"boring":{"frequency":1,"sentiment":-0.30000001192092896,"magnitude":0.30000001192092896},"lame":{"frequency":1,"sentiment":0,"magnitude":0},"thanks":{"frequency":1,"sentiment":0.30000001192092896,"magnitude":0.30000001192092896},"time":{"frequency":1,"sentiment":0.10000000149011612,"magnitude":0.10000000149011612},"spelling":{"frequency":1,"sentiment":0.10000000149011612,"magnitude":0.10000000149011612},"twosided":{"frequency":1,"sentiment":0,"magnitude":0}}