{"first_word":["wow","wholesome","uw","what?","stressed","useless","spelling","twosided","sarcastic","support","validated","sure","value","sweet","thanks","really?","rhyme","stop","unnecessary","worthiness","love","life","okay","schedule","mmkay","productivity","reassurance","relief","sad","snowflake","thoughtful","time","competition","false","grammar","haha","happy","inspiration","kinda","lame","misspelled","no","pft","pointless","reflection","boring","bee","confusing","corny","cringe","encouragement","good","hypocrisy","idk","pressure","true","advertisement","assertive","awkward","bullshit","busy","cheesy","conflicted","cool","comforting","better","meme","boundless"],"freq":[1,2,1,7,5,1,1,1,1,1,1,2,1,1,1,2,1,1,1,5,1,2,2,1,1,1,1,1,1,1,1,1,1,7,1,1,1,1,1,1,1,3,1,2,1,1,2,4,1,1,2,2,1,1,1,6,1,1,1,2,27,3,1,2,1,1,2,4],"sentiment":[0.30000001192092896,0.4000000059604645,0,0,0,-0.6000000238418579,0.10000000149011612,0,-0.5,0,0.20000000298023224,0.10000000149011612,0.10000000149011612,0.4000000059604645,0.30000001192092896,0,0,0,-0.10000000149011612,0.10000000149011612,0.699999988079071,0.30000001192092896,0,0,0,0.5,0.30000001192092896,0.20000000298023224,-0.30000001192092896,0.10000000149011612,0.30000001192092896,0.10000000149011612,0.10000000149011612,-0.30000001192092896,0.10000000149011612,0.30000001192092896,0.4000000059604645,0.6000000238418579,0.10000000149011612,0,0,-0.30000001192092896,0.5,-0.6000000238418579,0,-0.30000001192092896,0.10000000149011612,-0.20000000298023224,-0.30000001192092896,-0.20000000298023224,0.6000000238418579,0.5,-0.5,-0.10000000149011612,0,0.20000000298023224,-0.20000000298023224,0,-0.10000000149011612,-0.6000000238418579,0.20000000298023224,-0.10000000149011612,-0.4000000059604645,0.699999988079071,0.5,0.10000000149011612,0.10000000149011612,0],"magnitude":[0.30000001192092896,0.4000000059604645,0,0,0,0.6000000238418579,0.10000000149011612,0,0.5,0,0.20000000298023224,0.10000000149011612,0.10000000149011612,0.4000000059604645,0.30000001192092896,0,0,0,0.10000000149011612,0.10000000149011612,0.699999988079071,0.30000001192092896,0,0,0,0.5,0.30000001192092896,0.20000000298023224,0.30000001192092896,0.10000000149011612,0.30000001192092896,0.10000000149011612,0.10000000149011612,0.30000001192092896,0.10000000149011612,0.30000001192092896,0.4000000059604645,0.6000000238418579,0.10000000149011612,0,0,0.30000001192092896,0.5,0.6000000238418579,0,0.30000001192092896,0.10000000149011612,0.20000000298023224,0.30000001192092896,0.20000000298023224,0.6000000238418579,0.5,0.5,0.10000000149011612,0,0.20000000298023224,0.20000000298023224,0,0.10000000149011612,0.6000000238418579,0.20000000298023224,0.10000000149011612,0.4000000059604645,0.699999988079071,0.5,0.10000000149011612,0.10000000149011612,0]}