{"first_word":["wow","reflection","rhyme","sad","snowflake","stop","support","sure","thanks","thoughtful","time","true","unnecessary","useless","uw","validated","value","what?","wholesome","worthiness","kinda","okay","pointless","pressure","really?","reassurance","relief","sarcastic","schedule","spelling","stressed","twosided","productivity","meme","haha","false","hypocrisy","idk","lame","life","love","misspelled","mmkay","no","sweet","pft","competition","cool","good","happy","inspiration","boring","busy","comforting","conflicted","encouragement","grammar","assertive","cheesy","confusing","corny","cringe","bee","awkward","boundless","better","bullshit","advertisement"],"freq":[1,1,1,1,1,1,1,2,1,1,1,6,1,1,1,1,1,7,2,5,1,2,2,1,2,1,1,1,1,1,5,1,1,2,1,7,1,1,1,2,1,1,1,3,1,1,1,2,2,1,1,1,27,1,1,2,1,1,3,4,1,1,2,1,4,1,2,1],"sentiment":[0.30000001192092896,0,0,-0.30000001192092896,0.10000000149011612,0,0,0.10000000149011612,0.30000001192092896,0.30000001192092896,0.10000000149011612,0.20000000298023224,-0.10000000149011612,-0.6000000238418579,0,0.20000000298023224,0.10000000149011612,0,0.4000000059604645,0.10000000149011612,0.10000000149011612,0,-0.6000000238418579,0,0,0.30000001192092896,0.20000000298023224,-0.5,0,0.10000000149011612,0,0,0.5,0.10000000149011612,0.30000001192092896,-0.30000001192092896,-0.5,-0.10000000149011612,0,0.30000001192092896,0.699999988079071,0,0,-0.30000001192092896,0.4000000059604645,0.5,0.10000000149011612,0.699999988079071,0.5,0.4000000059604645,0.6000000238418579,-0.30000001192092896,0.20000000298023224,0.5,-0.4000000059604645,0.6000000238418579,0.10000000149011612,0,-0.10000000149011612,-0.20000000298023224,-0.30000001192092896,-0.20000000298023224,0.10000000149011612,-0.10000000149011612,0,0.10000000149011612,-0.6000000238418579,-0.20000000298023224],"magnitude":[0.30000001192092896,0,0,0.30000001192092896,0.10000000149011612,0,0,0.10000000149011612,0.30000001192092896,0.30000001192092896,0.10000000149011612,0.20000000298023224,0.10000000149011612,0.6000000238418579,0,0.20000000298023224,0.10000000149011612,0,0.4000000059604645,0.10000000149011612,0.10000000149011612,0,0.6000000238418579,0,0,0.30000001192092896,0.20000000298023224,0.5,0,0.10000000149011612,0,0,0.5,0.10000000149011612,0.30000001192092896,0.30000001192092896,0.5,0.10000000149011612,0,0.30000001192092896,0.699999988079071,0,0,0.30000001192092896,0.4000000059604645,0.5,0.10000000149011612,0.699999988079071,0.5,0.4000000059604645,0.6000000238418579,0.30000001192092896,0.20000000298023224,0.5,0.4000000059604645,0.6000000238418579,0.10000000149011612,0,0.10000000149011612,0.20000000298023224,0.30000001192092896,0.20000000298023224,0.10000000149011612,0.10000000149011612,0,0.10000000149011612,0.6000000238418579,0.20000000298023224]}